,res_name,res_loc,res_catagory,total_no_reviews,positive_reviews,res_rating,actual_rating,bag_of_words,time,location_link,zomato_link,delivery_rating,imagess,first_image,second_image,similarity
0,Royal Fast Food,"21.1891766227,72.8182196617","['Chinese', 'North Indian', 'Fast Food', 'Mughlai', 'Sichuan']",117,28,3.8,1.2,Chinese North Indian Fast Food Mughlai Sichuan,8am – 9pm (Today),"['https://www.google.com/maps/dir/?api=1&destination=21.1891766227,72.8182196617']",https://www.zomato.com/surat/royal-fast-food-new-textile-market/order,3.4,"['https://b.zmtcdn.com/data/pictures/chains/3/18974473/f0836fde6e4064e73c632c5f638c1c25.jpg?output-format=webp&fit=around|771.75:416.25&crop=771.75:416.25;*,*', 'https://b.zmtcdn.com/data/reviews_photos/b5e/a9820c510131a1fd83186075ba8e5b5e_1602186524.jpg?output-format=webp&fit=around|300:273&crop=300:273;*,*', 'https://b.zmtcdn.com/data/reviews_photos/3f1/d45be4c0c14ab45f7d21bf67a28a93f1_1577821996.jpg?output-format=webp&fit=around|300:273&crop=300:273;*,*']","https://b.zmtcdn.com/data/pictures/chains/3/18974473/f0836fde6e4064e73c632c5f638c1c25.jpg?output-format=webp&fit=around|771.75:416.25&crop=771.75:416.25;*,*","https://b.zmtcdn.com/data/reviews_photos/b5e/a9820c510131a1fd83186075ba8e5b5e_1602186524.jpg?output-format=webp&fit=around|300:273&crop=300:273;*,*",0.2855642444628877
1,La Pino'z Pizza,"21.1660202000,72.8380596000","['Pizza', 'Fast Food', 'Beverages']",13,6,3.6,2.3,Pizza Fast Food Beverages,11am – 11pm (Today),"['https://www.google.com/maps/dir/?api=1&destination=21.1660202000,72.8380596000']",https://www.zomato.com/surat/la-pinoz-pizza-udhna-gam/order,4.1,[],"https://b.zmtcdn.com/data/pictures/chains/3/18974473/f0836fde6e4064e73c632c5f638c1c25.jpg?output-format=webp&fit=around|771.75:416.25&crop=771.75:416.25;*,*","https://b.zmtcdn.com/data/reviews_photos/b5e/a9820c510131a1fd83186075ba8e5b5e_1602186524.jpg?output-format=webp&fit=around|300:273&crop=300:273;*,*",0.0
2,Shree Khodiyar Kathiyawadi Dhaba,"21.1900747451,72.7778721973","['Gujarati', 'North Indian']",89,48,3.9,2.7,Gujarati North Indian,11am – 11pm (Today),"['https://www.google.com/maps/dir/?api=1&destination=21.1900747451,72.7778721973']",https://www.zomato.com/surat/shree-khodiyar-kathiyawadi-dhaba-1-pal-gam/order,3.9,[],"https://b.zmtcdn.com/data/pictures/8/19037638/51377eaa146e61ab383fef91992b45ed.jpg?output-format=webp&fit=around|771.75:416.25&crop=771.75:416.25;*,*","https://b.zmtcdn.com/data/pictures/chains/8/19037638/0562da18ce4dacf0400a9ab638366fcc.jpg?output-format=webp&fit=around|300:273&crop=300:273;*,*",1.0000000000000002
4,Jay Jalaram Thali,"21.1934825000,72.8225117000","['Gujarati', 'North Indian', 'Chinese']",278,89,3.7,1.6,Gujarati North Indian Chinese,11am – 11pm (Today),"['https://www.google.com/maps/dir/?api=1&destination=21.1934825000,72.8225117000']",https://www.zomato.com/surat/jay-jalaram-thali-gopipura/order,3.3,"['https://b.zmtcdn.com/data/pictures/1/19201471/acabcf228cc7a76534a86de605338614.jpg?output-format=webp&fit=around|771.75:416.25&crop=771.75:416.25;*,*', 'https://b.zmtcdn.com/data/pictures/1/19201471/b598fe7b44eef0ed8a62e492c6c4485e.jpg?output-format=webp&fit=around|300:273&crop=300:273;*,*', 'https://b.zmtcdn.com/data/pictures/1/19201471/b789413f2f041566d3a3290fe1b54d54.jpg?output-format=webp&fit=around|300:273&crop=300:273;*,*']","https://b.zmtcdn.com/data/pictures/chains/3/18974473/f0836fde6e4064e73c632c5f638c1c25.jpg?output-format=webp&fit=around|771.75:416.25&crop=771.75:416.25;*,*","https://b.zmtcdn.com/data/reviews_photos/b5e/a9820c510131a1fd83186075ba8e5b5e_1602186524.jpg?output-format=webp&fit=around|300:273&crop=300:273;*,*",0.8582330511624451
5,The Burger Company,"21.1923730000,72.7871960000","['Burger', 'Pizza', 'Shake']",130,113,3.8,4.3,Burger Pizza Shake,11am – 4am (Today),"['https://www.google.com/maps/dir/?api=1&destination=21.1923730000,72.7871960000']",https://www.zomato.com/surat/the-burger-company-1-adajan-gam/order,3.6,"['https://b.zmtcdn.com/data/pictures/4/20197534/b033d94fb3f8c28532bc53a9ae4445d4.jpg?output-format=webp&fit=around|771.75:416.25&crop=771.75:416.25;*,*', 'https://b.zmtcdn.com/data/pictures/4/20197534/b033d94fb3f8c28532bc53a9ae4445d4.jpg?output-format=webp&fit=around|300:273&crop=300:273;*,*', 'https://b.zmtcdn.com/data/pictures/4/20197534/7bc7725dc858879a89aab57c1f111343.jpg?output-format=webp&fit=around|300:273&crop=300:273;*,*']","https://b.zmtcdn.com/data/pictures/4/20197534/b033d94fb3f8c28532bc53a9ae4445d4.jpg?output-format=webp&fit=around|771.75:416.25&crop=771.75:416.25;*,*",https://b.zmtcdn.com/data/pictures/4/20197534/bec5e2d9aa8de9028035e13d063c5219.jpeg?fit=around%7C200%3A200&crop=200%3A200%3B%2A%2C%2A,0.0
6,Radhe Dhokla,"21.1857930000,72.8332060000","['North Indian', 'Chinese', 'Gujarati', 'Sichuan']",134,75,-,2.8,North Indian Chinese Gujarati Sichuan,8am – 10pm (Today),"['https://www.google.com/maps/dir/?api=1&destination=21.1857930000,72.8332060000']",https://www.zomato.com/surat/radhe-dhokla-rustampura/order,4.2,"['https://b.zmtcdn.com/data/pictures/chains/6/18569536/68475e7024c4a3802924b07019de1e06.jpg?output-format=webp&fit=around|771.75:416.25&crop=771.75:416.25;*,*', 'https://b.zmtcdn.com/data/pictures/chains/6/18569536/d9db4d87d50931e07833dbc6baaf0c2b.jpg?output-format=webp&fit=around|300:273&crop=300:273;*,*', 'https://b.zmtcdn.com/data/pictures/chains/6/18569536/05561acb890d17c5ed95fe087ba76022.jpg?output-format=webp&fit=around|300:273&crop=300:273;*,*']","https://b.zmtcdn.com/data/pictures/chains/6/18569536/68475e7024c4a3802924b07019de1e06.jpg?output-format=webp&fit=around|771.75:416.25&crop=771.75:416.25;*,*","https://b.zmtcdn.com/data/pictures/chains/6/18569536/0b1236f2e5c7fe1311996caaa594f272.jpg?output-format=webp&fit=around|300:273&crop=300:273;*,*",0.6770005591082362
7,Chandan Bhojnalaya,"21.1979237835,72.8238818049","['Gujarati', 'North Indian']",336,148,3.9,2.2,Gujarati North Indian,"10am – 3pm, 6pm – 9:30pm (Today)","['https://www.google.com/maps/dir/?api=1&destination=21.1979237835,72.8238818049']",https://www.zomato.com/surat/chandan-bhojnalaya-new-textile-market/order,3.8,"['https://b.zmtcdn.com/data/pictures/chains/7/3800397/79541cc2f57bb7e6b7af52bcf0d8e7dd.jpg?output-format=webp&fit=around|771.75:416.25&crop=771.75:416.25;*,*']","https://b.zmtcdn.com/data/pictures/chains/7/3800397/79541cc2f57bb7e6b7af52bcf0d8e7dd.jpg?output-format=webp&fit=around|771.75:416.25&crop=771.75:416.25;*,*",https://b.zmtcdn.com/data/reviews_photos/4d4/eee36acfc7f4387bf8d95ffde5f8b4d4_1691854280.jpg?fit=around%7C200%3A200&crop=200%3A200%3B%2A%2C%2A,1.0000000000000002
8,Shree Kathiyawadi Khadki,"21.1909528553,72.7880441397","['Gujarati', 'North Indian']",256,141,3.5,2.8,Gujarati North Indian,"11am – 3:30pm, 7pm – 11pm (Today)","['https://www.google.com/maps/dir/?api=1&destination=21.1909528553,72.7880441397']",https://www.zomato.com/surat/shree-kathiyawadi-khadki-adajan-gam/order,4.1,"['https://b.zmtcdn.com/data/pictures/9/19792559/63695a64a614cdcfa064b13e44bac710.jpg?output-format=webp&fit=around|771.75:416.25&crop=771.75:416.25;*,*', 'https://b.zmtcdn.com/data/pictures/9/19792559/305b3e5b6e767a002724130fc7bdb3c4.jpg?output-format=webp&fit=around|300:273&crop=300:273;*,*', 'https://b.zmtcdn.com/data/pictures/9/19792559/6ed81b879be272341e12518156875b7f.jpg?output-format=webp&fit=around|300:273&crop=300:273;*,*']","https://b.zmtcdn.com/data/pictures/9/19792559/305b3e5b6e767a002724130fc7bdb3c4.jpg?output-format=webp&fit=around|771.75:416.25&crop=771.75:416.25;*,*","https://b.zmtcdn.com/data/pictures/9/19792559/5e4933532826a67c606549f2b2d52b3b.jpg?output-format=webp&fit=around|300:273&crop=300:273;*,*",1.0000000000000002
9,Burger King,"21.1442138290,72.7964709699","['Burger', 'Fast Food', 'Beverages', 'Desserts', 'Finger Food']",264,149,4.1,2.8,Burger Fast Food Beverages Desserts Finger Food,8am – 2am (Today),"['https://www.google.com/maps/dir/?api=1&destination=21.1442138290,72.7964709699']",https://www.zomato.com/surat/burger-king-vesu/order,4.1,"['https://b.zmtcdn.com/data/pictures/9/3800929/e01ffc3a4d1f4a76e63b3250299f4793.jpg?output-format=webp&fit=around|771.75:416.25&crop=771.75:416.25;*,*', 'https://b.zmtcdn.com/data/pictures/chains/9/3800929/5738bb829abcbb91e79d8893af950927.jpg?output-format=webp&fit=around|300:273&crop=300:273;*,*', 'https://b.zmtcdn.com/data/pictures/chains/9/3800929/87dfce2afb78e9adc22411c5984a43e9.jpg?output-format=webp&fit=around|300:273&crop=300:273;*,*']","https://b.zmtcdn.com/data/pictures/chains/3/18974473/f0836fde6e4064e73c632c5f638c1c25.jpg?output-format=webp&fit=around|771.75:416.25&crop=771.75:416.25;*,*","https://b.zmtcdn.com/data/reviews_photos/b5e/a9820c510131a1fd83186075ba8e5b5e_1602186524.jpg?output-format=webp&fit=around|300:273&crop=300:273;*,*",0.0
10,Kailash Sweets & Snacks,"21.1871534046,72.8139157221","['Mithai', 'Street Food', 'Fast Food', 'Beverages']",267,171,-,3.2,Mithai Street Food Fast Food Beverages,7:30am – 10:30pm (Today),"['https://www.google.com/maps/dir/?api=1&destination=21.1871534046,72.8139157221']",https://www.zomato.com/surat/kailash-sweets-snacks-nanpura/order,4.3,[],"https://b.zmtcdn.com/data/pictures/chains/3/18974473/f0836fde6e4064e73c632c5f638c1c25.jpg?output-format=webp&fit=around|771.75:416.25&crop=771.75:416.25;*,*","https://b.zmtcdn.com/data/reviews_photos/b5e/a9820c510131a1fd83186075ba8e5b5e_1602186524.jpg?output-format=webp&fit=around|300:273&crop=300:273;*,*",0.0
11,Dilliwale Pahelvanjee's Cholle Bhature,"21.1910378838,72.8416470811",['North Indian'],308,154,4.5,2.5,North Indian,10am – 6:30pm (Today),"['https://www.google.com/maps/dir/?api=1&destination=21.1910378838,72.8416470811']",https://www.zomato.com/surat/dilliwale-pahelvanjees-cholle-bhature-new-textile-market/order,4.3,[],"https://b.zmtcdn.com/data/pictures/chains/3/18974473/f0836fde6e4064e73c632c5f638c1c25.jpg?output-format=webp&fit=around|771.75:416.25&crop=771.75:416.25;*,*","https://b.zmtcdn.com/data/reviews_photos/b5e/a9820c510131a1fd83186075ba8e5b5e_1602186524.jpg?output-format=webp&fit=around|300:273&crop=300:273;*,*",0.7327679287407637
12,Domino's Pizza,"21.1755184254,72.8177613392","['Pizza', 'Fast Food']",265,119,4.2,2.2,Pizza Fast Food,11am – 10:30pm (Today),"['https://www.google.com/maps/dir/?api=1&destination=21.1755184254,72.8177613392']",https://www.zomato.com/surat/dominos-pizza-athwa/order,3.6,"['https://b.zmtcdn.com/data/pictures/1/3800111/7398da37ab73c4c7cb16ac860e577369.jpg?output-format=webp&fit=around|771.75:416.25&crop=771.75:416.25;*,*', 'https://b.zmtcdn.com/data/pictures/chains/1/3800111/1adb116d088669540c89150836d668f9.jpg?output-format=webp&fit=around|300:273&crop=300:273;*,*', 'https://b.zmtcdn.com/data/pictures/chains/1/3800111/a3f876979c7b1a123ff8d0548d774cb1.jpg?output-format=webp&fit=around|300:273&crop=300:273;*,*']","https://b.zmtcdn.com/data/pictures/chains/3/18974473/f0836fde6e4064e73c632c5f638c1c25.jpg?output-format=webp&fit=around|771.75:416.25&crop=771.75:416.25;*,*","https://b.zmtcdn.com/data/reviews_photos/b5e/a9820c510131a1fd83186075ba8e5b5e_1602186524.jpg?output-format=webp&fit=around|300:273&crop=300:273;*,*",0.0
13,Geetha Refreshment,"21.1644009241,72.8123905510","['North Indian', 'South Indian', 'Chinese', 'Fast Food', 'Desserts', 'Beverages']",275,122,4.4,2.2,North Indian South Indian Chinese Fast Food Desserts Beverages,8am – 11pm (Today),"['https://www.google.com/maps/dir/?api=1&destination=21.1644009241,72.8123905510']",https://www.zomato.com/surat/geetha-refreshment-althan-bhatar/order,4.0,"['https://b.zmtcdn.com/data/pictures/0/3800150/c96a48b0f71260a39d0b7d721f07fc70.jpg?output-format=webp&fit=around|771.75:416.25&crop=771.75:416.25;*,*', 'https://b.zmtcdn.com/data/pictures/8/18633928/c96a48b0f71260a39d0b7d721f07fc70.jpg?output-format=webp&fit=around|300:273&crop=300:273;*,*', 'https://b.zmtcdn.com/data/reviews_photos/e14/a8a1fca43ace3f97182eb69e87e06e14_1623657328.jpg?output-format=webp&fit=around|300:273&crop=300:273;*,*']","https://b.zmtcdn.com/data/pictures/chains/3/18974473/f0836fde6e4064e73c632c5f638c1c25.jpg?output-format=webp&fit=around|771.75:416.25&crop=771.75:416.25;*,*","https://b.zmtcdn.com/data/reviews_photos/b5e/a9820c510131a1fd83186075ba8e5b5e_1602186524.jpg?output-format=webp&fit=around|300:273&crop=300:273;*,*",0.3597144202359428
14,Hotel Maruti,"21.1904810000,72.8691290000","['North Indian', 'Chinese', 'Gujarati', 'Street Food', 'Biryani']",285,149,4.0,2.6,North Indian Chinese Gujarati Street Food Biryani,10:30am – 11:30pm (Today),"['https://www.google.com/maps/dir/?api=1&destination=21.1904810000,72.8691290000']",https://www.zomato.com/surat/hotel-maruti-magob/order,3.9,[],"https://b.zmtcdn.com/data/pictures/chains/3/18974473/f0836fde6e4064e73c632c5f638c1c25.jpg?output-format=webp&fit=around|771.75:416.25&crop=771.75:416.25;*,*","https://b.zmtcdn.com/data/reviews_photos/b5e/a9820c510131a1fd83186075ba8e5b5e_1602186524.jpg?output-format=webp&fit=around|300:273&crop=300:273;*,*",0.5448697291421574
15,Dayro - Multi Cuisine Restaurant,"21.1432097337,72.7927661687","['Gujarati', 'North Indian', 'Chinese', 'South Indian', 'Fast Food', 'Beverages']",268,142,3.2,2.6,Gujarati North Indian Chinese South Indian Fast Food Beverages,11am – 11pm (Today),"['https://www.google.com/maps/dir/?api=1&destination=21.1432097337,72.7927661687']",https://www.zomato.com/surat/dayro-multi-cuisine-restaurant-vesu/order,3.9,"['https://b.zmtcdn.com/data/reviews_photos/aed/fb554c2bbb5968b4c369cb477a789aed_1566026194.jpg?output-format=webp&fit=around|771.75:416.25&crop=771.75:416.25;*,*', 'https://b.zmtcdn.com/data/pictures/4/19165554/87ae0f6e5ece613351dab7280b3a4a7a.jpg?output-format=webp&fit=around|300:273&crop=300:273;*,*', 'https://b.zmtcdn.com/data/pictures/4/19165554/568fe4400f82124f89635b759eaaf66a.jpg?output-format=webp&fit=around|300:273&crop=300:273;*,*']","https://b.zmtcdn.com/data/pictures/chains/3/18974473/f0836fde6e4064e73c632c5f638c1c25.jpg?output-format=webp&fit=around|771.75:416.25&crop=771.75:416.25;*,*","https://b.zmtcdn.com/data/reviews_photos/b5e/a9820c510131a1fd83186075ba8e5b5e_1602186524.jpg?output-format=webp&fit=around|300:273&crop=300:273;*,*",0.6189323691571282
16,Purohit Thali,"21.2050233000,72.8394842000",['Gujarati'],119,59,4.0,2.5,Gujarati,"10:31am – 4pm, 5:30pm – 10:50pm (Today)","['https://www.google.com/maps/dir/?api=1&destination=21.2050233000,72.8394842000']",https://www.zomato.com/surat/purohit-thali-karanj/order,3.8,[],"https://b.zmtcdn.com/data/pictures/chains/3/18974473/f0836fde6e4064e73c632c5f638c1c25.jpg?output-format=webp&fit=around|771.75:416.25&crop=771.75:416.25;*,*","https://b.zmtcdn.com/data/reviews_photos/b5e/a9820c510131a1fd83186075ba8e5b5e_1602186524.jpg?output-format=webp&fit=around|300:273&crop=300:273;*,*",0.6804786275916176
17,Om Restaurant,"21.1268571255,72.8545334190","['Chinese', 'North Indian', 'South Indian']",232,125,3.7,2.7,Chinese North Indian South Indian,"10am – 3:30pm, 5:30pm – 10pm (Today)","['https://www.google.com/maps/dir/?api=1&destination=21.1268571255,72.8545334190']",https://www.zomato.com/surat/om-restaurant-bhestan/order,3.8,[],"https://b.zmtcdn.com/data/pictures/chains/3/18974473/f0836fde6e4064e73c632c5f638c1c25.jpg?output-format=webp&fit=around|771.75:416.25&crop=771.75:416.25;*,*","https://b.zmtcdn.com/data/reviews_photos/b5e/a9820c510131a1fd83186075ba8e5b5e_1602186524.jpg?output-format=webp&fit=around|300:273&crop=300:273;*,*",0.5020714297174601
18,Mahalaxmi Juice & Fastfood,"21.1948000356,72.8018206358","['Sandwich', 'Fast Food', 'Beverages', 'Shake']",29,13,4.5,2.2,Sandwich Fast Food Beverages Shake,10am – 11:30pm (Today),"['https://www.google.com/maps/dir/?api=1&destination=21.1948000356,72.8018206358']",https://www.zomato.com/surat/mahalaxmi-juice-fastfood-adajan-patiya/order,4.3,[],"https://b.zmtcdn.com/data/pictures/chains/3/18974473/f0836fde6e4064e73c632c5f638c1c25.jpg?output-format=webp&fit=around|771.75:416.25&crop=771.75:416.25;*,*","https://b.zmtcdn.com/data/reviews_photos/b5e/a9820c510131a1fd83186075ba8e5b5e_1602186524.jpg?output-format=webp&fit=around|300:273&crop=300:273;*,*",0.0
19,Harikrushna Restaurant,"21.2191308879,72.8333315626","['Gujarati', 'North Indian']",48,35,4.0,3.6,Gujarati North Indian,Opens at 6:30pm,"['https://www.google.com/maps/dir/?api=1&destination=21.2191308879,72.8333315626']",https://www.zomato.com/surat/harikrushna-restaurant-katargam/order,4.2,[],"https://b.zmtcdn.com/data/pictures/8/18780908/97acf23409c33b2d8d12846f8fa4d075.jpg?output-format=webp&fit=around|771.75:416.25&crop=771.75:416.25;*,*","https://b.zmtcdn.com/data/pictures/chains/8/18780908/e1652710b77d812abfee5c3f73775eca.jpg?output-format=webp&fit=around|300:273&crop=300:273;*,*",1.0000000000000002
20,Tulsi Restaurant,"21.1922776695,72.8541699797","['North Indian', 'Chinese', 'Biryani', 'Sichuan']",245,121,4.3,2.5,North Indian Chinese Biryani Sichuan,"10:30am – 4pm, 6pm – 11pm (Today)","['https://www.google.com/maps/dir/?api=1&destination=21.1922776695,72.8541699797']",https://www.zomato.com/surat/tulsi-restaurant-new-textile-market/order,4.0,[],"https://b.zmtcdn.com/data/pictures/8/18780908/97acf23409c33b2d8d12846f8fa4d075.jpg?output-format=webp&fit=around|771.75:416.25&crop=771.75:416.25;*,*","https://b.zmtcdn.com/data/pictures/chains/8/18780908/e1652710b77d812abfee5c3f73775eca.jpg?output-format=webp&fit=around|300:273&crop=300:273;*,*",0.3306364364556166
21,Janta Thali Restaurant,"21.1694212395,72.7793822810","['North Indian', 'Chinese', 'Fast Food', 'Biryani']",293,165,2.8,2.8,North Indian Chinese Fast Food Biryani,10:30am – 12midnight (Today),"['https://www.google.com/maps/dir/?api=1&destination=21.1694212395,72.7793822810']",https://www.zomato.com/surat/janta-thali-restaurant-piplod/order,3.5,[],"https://b.zmtcdn.com/data/pictures/chains/3/18974473/f0836fde6e4064e73c632c5f638c1c25.jpg?output-format=webp&fit=around|771.75:416.25&crop=771.75:416.25;*,*","https://b.zmtcdn.com/data/reviews_photos/b5e/a9820c510131a1fd83186075ba8e5b5e_1602186524.jpg?output-format=webp&fit=around|300:273&crop=300:273;*,*",0.3438340475032883
22,Sarvottam Restaurant,"21.1732136424,72.8382862732","['North Indian', 'Chinese', 'Fast Food', 'Beverages', 'Shake']",185,120,4.3,3.2,North Indian Chinese Fast Food Beverages Shake,"11am – 3:30pm, 6:30pm – 11pm (Today)","['https://www.google.com/maps/dir/?api=1&destination=21.1732136424,72.8382862732']",https://www.zomato.com/surat/sarvottam-restaurant-1-udhna-gam/order,4.1,[],"https://b.zmtcdn.com/data/pictures/chains/3/18974473/f0836fde6e4064e73c632c5f638c1c25.jpg?output-format=webp&fit=around|771.75:416.25&crop=771.75:416.25;*,*","https://b.zmtcdn.com/data/reviews_photos/b5e/a9820c510131a1fd83186075ba8e5b5e_1602186524.jpg?output-format=webp&fit=around|300:273&crop=300:273;*,*",0.30539087236619855
23,J D Restaurant,"21.2103084048,72.8513774648","['North Indian', 'South Indian', 'Gujarati', 'Chinese']",207,106,4.3,2.6,North Indian South Indian Gujarati Chinese,11am – 10:39pm (Today),"['https://www.google.com/maps/dir/?api=1&destination=21.2103084048,72.8513774648']",https://www.zomato.com/surat/j-d-restaurant-varachha/order,4.2,[],"https://b.zmtcdn.com/data/pictures/chains/3/18974473/f0836fde6e4064e73c632c5f638c1c25.jpg?output-format=webp&fit=around|771.75:416.25&crop=771.75:416.25;*,*","https://b.zmtcdn.com/data/reviews_photos/b5e/a9820c510131a1fd83186075ba8e5b5e_1602186524.jpg?output-format=webp&fit=around|300:273&crop=300:273;*,*",0.7308061788282669
24,Classic Chicken Mamna,"21.1965077427,72.8329805285","['Mughlai', 'North Indian', 'Biryani']",300,122,3.9,2.0,Mughlai North Indian Biryani,11am – 12midnight (Today),"['https://www.google.com/maps/dir/?api=1&destination=21.1965077427,72.8329805285']",https://www.zomato.com/surat/classic-chicken-mamna-gopipura/order,3.5,[],"https://b.zmtcdn.com/data/pictures/chains/3/18974473/f0836fde6e4064e73c632c5f638c1c25.jpg?output-format=webp&fit=around|771.75:416.25&crop=771.75:416.25;*,*","https://b.zmtcdn.com/data/reviews_photos/b5e/a9820c510131a1fd83186075ba8e5b5e_1602186524.jpg?output-format=webp&fit=around|300:273&crop=300:273;*,*",0.33005279506734486
25,Pizza Hut,"21.1747605897,72.8013717011","['Pizza', 'Fast Food', 'Desserts', 'Beverages']",326,137,4.1,2.1,Pizza Fast Food,10:30am – 12midnight (Today),"['https://www.google.com/maps/dir/?api=1&destination=21.1747605897,72.8013717011']",https://www.zomato.com/surat/pizza-hut-athwa/order,3.8,[],"https://b.zmtcdn.com/data/pictures/chains/3/18974473/f0836fde6e4064e73c632c5f638c1c25.jpg?output-format=webp&fit=around|771.75:416.25&crop=771.75:416.25;*,*","https://b.zmtcdn.com/data/reviews_photos/b5e/a9820c510131a1fd83186075ba8e5b5e_1602186524.jpg?output-format=webp&fit=around|300:273&crop=300:273;*,*",0.0
26,Jalaram Locho And Rasawala Khaman,"21.2144038754,72.8302329406","['Gujarati', 'Street Food']",62,31,-,2.5,Gujarati Street Food,7am – 7:45pm (Today),"['https://www.google.com/maps/dir/?api=1&destination=21.2144038754,72.8302329406']",https://www.zomato.com/surat/jalaram-locho-and-rasawala-khaman-katargam/order,4.0,[],"https://b.zmtcdn.com/data/pictures/chains/3/18974473/f0836fde6e4064e73c632c5f638c1c25.jpg?output-format=webp&fit=around|771.75:416.25&crop=771.75:416.25;*,*","https://b.zmtcdn.com/data/reviews_photos/b5e/a9820c510131a1fd83186075ba8e5b5e_1602186524.jpg?output-format=webp&fit=around|300:273&crop=300:273;*,*",0.371311660053329
27,New Shree Sainath Food Parlour,"21.1935017000,72.8225167000","['North Indian', 'Chinese', 'Biryani']",307,121,3.9,2.0,North Indian Chinese Biryani,11am – 11pm (Today),"['https://www.google.com/maps/dir/?api=1&destination=21.1935017000,72.8225167000']",https://www.zomato.com/surat/new-shree-sainath-food-parlour-gopipura/order,3.4,[],"https://b.zmtcdn.com/data/pictures/chains/3/18974473/f0836fde6e4064e73c632c5f638c1c25.jpg?output-format=webp&fit=around|771.75:416.25&crop=771.75:416.25;*,*","https://b.zmtcdn.com/data/reviews_photos/b5e/a9820c510131a1fd83186075ba8e5b5e_1602186524.jpg?output-format=webp&fit=around|300:273&crop=300:273;*,*",0.39876413100528735
28,Shree Khodiyar Kathiyawadi Dhaba,"21.1396551627,72.8833219036","['Gujarati', 'North Indian']",183,84,3.7,2.3,Gujarati North Indian,Opens at 6pm,"['https://www.google.com/maps/dir/?api=1&destination=21.1396551627,72.8833219036']",https://www.zomato.com/surat/shree-khodiyar-kathiyawadi-dhaba-1-pal-gam/order,3.7,[],"https://b.zmtcdn.com/data/pictures/8/19037638/51377eaa146e61ab383fef91992b45ed.jpg?output-format=webp&fit=around|771.75:416.25&crop=771.75:416.25;*,*","https://b.zmtcdn.com/data/pictures/chains/8/19037638/0562da18ce4dacf0400a9ab638366fcc.jpg?output-format=webp&fit=around|300:273&crop=300:273;*,*",1.0000000000000002
29,Kasmiri Restaurant,"21.1963686386,72.8202802688","['North Indian', 'Mughlai', 'Chinese', 'Sichuan']",258,136,4.0,2.6,North Indian Mughlai Chinese Sichuan,11am – 11pm (Today),"['https://www.google.com/maps/dir/?api=1&destination=21.1963686386,72.8202802688']",https://www.zomato.com/surat/kasmiri-restaurant-chowk-bazaar/order,3.6,[],"https://b.zmtcdn.com/data/pictures/chains/3/18974473/f0836fde6e4064e73c632c5f638c1c25.jpg?output-format=webp&fit=around|771.75:416.25&crop=771.75:416.25;*,*","https://b.zmtcdn.com/data/reviews_photos/b5e/a9820c510131a1fd83186075ba8e5b5e_1602186524.jpg?output-format=webp&fit=around|300:273&crop=300:273;*,*",0.3147674264290037
30,Shree Sai Restaurant,"21.1873269048,72.8350840509","['Chinese', 'South Indian', 'Fast Food']",252,152,3.8,3.0,Chinese South Indian Fast Food,11am – 11pm (Today),"['https://www.google.com/maps/dir/?api=1&destination=21.1873269048,72.8350840509']",https://www.zomato.com/surat/shree-sai-restaurant-salabatpura/order,4.2,[],"https://b.zmtcdn.com/data/pictures/chains/3/18974473/f0836fde6e4064e73c632c5f638c1c25.jpg?output-format=webp&fit=around|771.75:416.25&crop=771.75:416.25;*,*","https://b.zmtcdn.com/data/reviews_photos/b5e/a9820c510131a1fd83186075ba8e5b5e_1602186524.jpg?output-format=webp&fit=around|300:273&crop=300:273;*,*",0.17670671214534264
31,Laxmi Egg House,"21.2184330000,72.8536070000",['Street Food'],302,153,3.9,2.5,Street Food,10:30am – 10:30pm (Today),"['https://www.google.com/maps/dir/?api=1&destination=21.2184330000,72.8536070000']",https://www.zomato.com/surat/laxmi-egg-house-karanj/order,3.9,[],"https://b.zmtcdn.com/data/pictures/chains/3/18974473/f0836fde6e4064e73c632c5f638c1c25.jpg?output-format=webp&fit=around|771.75:416.25&crop=771.75:416.25;*,*","https://b.zmtcdn.com/data/reviews_photos/b5e/a9820c510131a1fd83186075ba8e5b5e_1602186524.jpg?output-format=webp&fit=around|300:273&crop=300:273;*,*",0.0
32,Subway,"21.1757066332,72.8089690581","['Healthy Food', 'Fast Food', 'Sandwich', 'Salad', 'Beverages', 'Wraps']",216,85,4.1,2.0,Healthy Food Fast Food Sandwich Salad Beverages Wraps,10am – 11:30pm (Today),"['https://www.google.com/maps/dir/?api=1&destination=21.1757066332,72.8089690581']",https://www.zomato.com/surat/subway-athwa/order,3.8,[],"https://b.zmtcdn.com/data/pictures/chains/3/18974473/f0836fde6e4064e73c632c5f638c1c25.jpg?output-format=webp&fit=around|771.75:416.25&crop=771.75:416.25;*,*","https://b.zmtcdn.com/data/reviews_photos/b5e/a9820c510131a1fd83186075ba8e5b5e_1602186524.jpg?output-format=webp&fit=around|300:273&crop=300:273;*,*",0.0
33,Trishiv Chinese Corner,"21.1980750772,72.7793279663","['Chinese', 'Sichuan']",173,85,3.4,2.5,Chinese Sichuan,11am – 2am (Today),"['https://www.google.com/maps/dir/?api=1&destination=21.1980750772,72.7793279663']",https://www.zomato.com/surat/trishiv-chinese-corner-pal-gam/order,3.9,[],"https://b.zmtcdn.com/data/pictures/chains/3/18974473/f0836fde6e4064e73c632c5f638c1c25.jpg?output-format=webp&fit=around|771.75:416.25&crop=771.75:416.25;*,*","https://b.zmtcdn.com/data/reviews_photos/b5e/a9820c510131a1fd83186075ba8e5b5e_1602186524.jpg?output-format=webp&fit=around|300:273&crop=300:273;*,*",0.0
34,Tulsi Restaurant,"21.2388489977,72.8478577361","['North Indian', 'Chinese', 'Fast Food', 'Ice Cream', 'Beverages']",97,65,4.0,3.4,North Indian Chinese Fast Food Ice Cream Beverages,Opens at 6:30pm,"['https://www.google.com/maps/dir/?api=1&destination=21.2388489977,72.8478577361']",https://www.zomato.com/surat/tulsi-restaurant-new-textile-market/order,4.2,[],"https://b.zmtcdn.com/data/pictures/8/18780908/97acf23409c33b2d8d12846f8fa4d075.jpg?output-format=webp&fit=around|771.75:416.25&crop=771.75:416.25;*,*","https://b.zmtcdn.com/data/pictures/chains/8/18780908/e1652710b77d812abfee5c3f73775eca.jpg?output-format=webp&fit=around|300:273&crop=300:273;*,*",0.22827289148374202
35,Shakti-The Sandwich Shop,"21.1928722378,72.8601117432","['Sandwich', 'Fast Food', 'Beverages', 'Shake']",177,72,3.7,2.0,Sandwich Fast Food Beverages Shake,11am – 11:45pm (Today),"['https://www.google.com/maps/dir/?api=1&destination=21.1928722378,72.8601117432']",https://www.zomato.com/surat/shakti-the-sandwich-shop-umarwada/order,3.5,[],"https://b.zmtcdn.com/data/pictures/chains/3/18974473/f0836fde6e4064e73c632c5f638c1c25.jpg?output-format=webp&fit=around|771.75:416.25&crop=771.75:416.25;*,*","https://b.zmtcdn.com/data/reviews_photos/b5e/a9820c510131a1fd83186075ba8e5b5e_1602186524.jpg?output-format=webp&fit=around|300:273&crop=300:273;*,*",0.0
36,Den's Pizza,"21.1894689116,72.7899746597","['Fast Food', 'Italian', 'Mexican', 'Chinese', 'Beverages', 'Desserts', 'Pizza']",107,65,2.5,3.0,Fast Food Italian Mexican Chinese Beverages Desserts Pizza,11am – 11:30pm (Today),"['https://www.google.com/maps/dir/?api=1&destination=21.1894689116,72.7899746597']",https://www.zomato.com/surat/dens-pizza-adajan-gam/order,3.9,[],"https://b.zmtcdn.com/data/pictures/chains/3/18974473/f0836fde6e4064e73c632c5f638c1c25.jpg?output-format=webp&fit=around|771.75:416.25&crop=771.75:416.25;*,*","https://b.zmtcdn.com/data/reviews_photos/b5e/a9820c510131a1fd83186075ba8e5b5e_1602186524.jpg?output-format=webp&fit=around|300:273&crop=300:273;*,*",0.0
37,Mahadev Dalbaati,"21.1900487987,72.8691618517",['Rajasthani'],126,75,3.8,3.0,Rajasthani,Opens at 7pm,"['https://www.google.com/maps/dir/?api=1&destination=21.1900487987,72.8691618517']",https://www.zomato.com/surat/mahadev-dalbaati-magob/order,4.0,[],"https://b.zmtcdn.com/data/pictures/chains/3/18974473/f0836fde6e4064e73c632c5f638c1c25.jpg?output-format=webp&fit=around|771.75:416.25&crop=771.75:416.25;*,*","https://b.zmtcdn.com/data/reviews_photos/b5e/a9820c510131a1fd83186075ba8e5b5e_1602186524.jpg?output-format=webp&fit=around|300:273&crop=300:273;*,*",0.0
38,Shree Bhakti Dhokla & Spices,"21.1739924330,72.8170884401","['Gujarati', 'Street Food', 'Sichuan']",92,52,3.1,2.8,Gujarati Street Food Sichuan,Opens at 5pm,"['https://www.google.com/maps/dir/?api=1&destination=21.1739924330,72.8170884401']",https://www.zomato.com/surat/shree-bhakti-dhokla-spices-athwa/order,4.1,[],"https://b.zmtcdn.com/data/pictures/chains/3/18974473/f0836fde6e4064e73c632c5f638c1c25.jpg?output-format=webp&fit=around|771.75:416.25&crop=771.75:416.25;*,*","https://b.zmtcdn.com/data/reviews_photos/b5e/a9820c510131a1fd83186075ba8e5b5e_1602186524.jpg?output-format=webp&fit=around|300:273&crop=300:273;*,*",0.30019183296214325
39,Mysore Cafe,"21.1850751382,72.8083746135","['South Indian', 'Fast Food']",369,236,4.6,3.2,South Indian Fast Food,7:30am – 10pm (Today),"['https://www.google.com/maps/dir/?api=1&destination=21.1850751382,72.8083746135']",https://www.zomato.com/surat/mysore-cafe-athwa/order,4.3,[],"https://b.zmtcdn.com/data/pictures/chains/3/18974473/f0836fde6e4064e73c632c5f638c1c25.jpg?output-format=webp&fit=around|771.75:416.25&crop=771.75:416.25;*,*","https://b.zmtcdn.com/data/reviews_photos/b5e/a9820c510131a1fd83186075ba8e5b5e_1602186524.jpg?output-format=webp&fit=around|300:273&crop=300:273;*,*",0.19437386360242617
40,Maakhan Bhog,"21.1722594542,72.8391724080","['Mithai', 'Street Food']",50,32,3.6,3.2,Mithai Street Food,8am – 9pm (Today),"['https://www.google.com/maps/dir/?api=1&destination=21.1722594542,72.8391724080']",https://www.zomato.com/surat/maakhan-bhog-udhna-gam/order,4.2,[],"https://b.zmtcdn.com/data/pictures/chains/3/18974473/f0836fde6e4064e73c632c5f638c1c25.jpg?output-format=webp&fit=around|771.75:416.25&crop=771.75:416.25;*,*","https://b.zmtcdn.com/data/reviews_photos/b5e/a9820c510131a1fd83186075ba8e5b5e_1602186524.jpg?output-format=webp&fit=around|300:273&crop=300:273;*,*",0.0
